_id,category,value
00,100,997774
00,100,980248
00,100,970219
00,100,964414
00,100,960436
00,100,957999
00,100,840884
00,100,834055
00,100,822989
00,100,773418
00,100,771742
00,100,761903
00,100,683763
00,100,682768
00,100,676679
00,100,661191
00,100,661076
00,100,622169
00,100,619017
00,100,580248
00,100,569213
00,100,528173
00,100,490446
00,100,480191
00,100,467407
00,100,461402
00,100,455804
00,100,448473
00,100,429419
00,100,415762
00,100,355973
00,100,354729
00,100,249206
00,100,232216
00,100,231655
00,100,229314
00,100,228307
00,100,224026
00,100,201358
00,100,192720
00,100,180294
00,100,168872
00,100,160609
00,100,149194
00,100,127713
00,100,118592
00,100,110818
00,100,102719
00,100,86494
00,100,68188
00,100,64049
00,100,57718
00,100,52866
00,100,7071
00,100,-62206
00,100,-79071
00,100,-81846
00,100,-107439
00,100,-138251
00,100,-152809
00,100,-183889
00,100,-201905
00,100,-235771
00,100,-284154
00,100,-306340
00,100,-337218
00,100,-348204
00,100,-375379
00,100,-386898
00,100,-424590
00,100,-439078
00,100,-479568
00,100,-518288
00,100,-541042
00,100,-559143
00,100,-574565
00,100,-586481
00,100,-598936
00,100,-607029
00,100,-634072
00,100,-649149
00,100,-661374
00,100,-670065
00,100,-726098
00,100,-726448
00,100,-761580
00,100,-771631
00,100,-791986
00,100,-818017
00,100,-823000
00,100,-830279
00,100,-830721
00,100,-837720
00,100,-885274
00,100,-934198
00,100,-941243
00,100,-954575
00,100,-964646
00,100,-975740
00,100,-991567
00,500,998834
00,500,996365
00,500,996358
00,500,994662
00,500,989476
00,500,988384
00,500,987596
00,500,983796
00,500,980001
00,500,979507
00,500,977449
00,500,970275
00,500,963699
00,500,958744
00,500,950695
00,500,943372
00,500,925634
00,500,924653
00,500,916177
00,500,910499
00,500,907077
00,500,904674
00,500,903262
00,500,900425
00,500,900397
00,500,900150
00,500,897506
00,500,896986
00,500,895547
00,500,894146
00,500,890910
00,500,886895
00,500,884430
00,500,884053
00,500,882868
00,500,882335
00,500,879362
00,500,873845
00,500,873823
00,500,865780
00,500,863323
00,500,863256
00,500,855138
00,500,852574
00,500,849913
00,500,847328
00,500,839518
00,500,837958
00,500,823455
00,500,822842
00,500,821168
00,500,812683
00,500,809443
00,500,804862
00,500,801321
00,500,800895
00,500,800544
00,500,800169
00,500,797314
00,500,792393
00,500,791444
00,500,790612
00,500,789746
00,500,785393
00,500,782240
00,500,781600
00,500,781137
00,500,765482
00,500,756961
00,500,752368
00,500,741176
00,500,736646
00,500,727598
00,500,720324
00,500,718640
00,500,716353
00,500,714722
00,500,714190
00,500,712074
00,500,710208
00,500,705683
00,500,704730
00,500,697660
00,500,696403
00,500,695739
00,500,695047
00,500,681242
00,500,680097
00,500,676700
00,500,676628
00,500,675179
00,500,673380
00,500,667310
00,500,663763
00,500,658450
00,500,657626
00,500,654903
00,500,651342
00,500,648125
00,500,641330
00,500,639809
00,500,637539
00,500,629616
00,500,627484
00,500,621666
00,500,605053
00,500,598423
00,500,592399
00,500,592311
00,500,584157
00,500,577319
00,500,575571
00,500,566591
00,500,562571
00,500,561764
00,500,560551
00,500,557874
00,500,550106
00,500,547588
00,500,546197
00,500,540619
00,500,530963
00,500,526279
00,500,521604
00,500,520894
00,500,520494
00,500,520177
00,500,516685
00,500,516627
00,500,516191
00,500,513626
00,500,510455
00,500,498278
00,500,484044
00,500,481171
00,500,478199
00,500,469539
00,500,462523
00,500,458593
00,500,455933
00,500,451359
00,500,442941
00,500,442095
00,500,439096
00,500,430830
00,500,428276
00,500,423796
00,500,420082
00,500,419838
00,500,416520
00,500,403791
00,500,399118
00,500,397023
00,500,396809
00,500,391730
00,500,389436
00,500,389334
00,500,386838
00,500,386103
00,500,382559
00,500,372841
00,500,371535
00,500,368554
00,500,366045
00,500,358221
00,500,354100
00,500,352620
00,500,342714
00,500,331491
00,500,326643
00,500,325447
00,500,320978
00,500,320111
00,500,313491
00,500,311314
00,500,308951
00,500,304496
00,500,300138
00,500,298645
00,500,296015
00,500,295588
00,500,293861
00,500,293554
00,500,292067
00,500,288618
00,500,282973
00,500,282562
00,500,278058
00,500,272811
00,500,269639
00,500,265500
00,500,263434
00,500,260346
00,500,258687
00,500,257935
00,500,257160
00,500,251571
00,500,244868
00,500,238966
00,500,237747
00,500,233519
00,500,220547
00,500,210380
00,500,201497
00,500,195939
00,500,184018
00,500,182750
00,500,180762
00,500,175667
00,500,174726
00,500,171117
00,500,170581
00,500,167395
00,500,157586
00,500,156429
00,500,148250
00,500,145423
00,500,145320
00,500,144021
00,500,138682
00,500,124130
00,500,123897
00,500,122610
00,500,119526
00,500,118155
00,500,106988
00,500,102989
00,500,98856
00,500,97421
00,500,93174
00,500,93120
00,500,73942
00,500,71518
00,500,69071
00,500,65327
00,500,64879
00,500,62576
00,500,61870
00,500,59633
00,500,59534
00,500,56785
00,500,55211
00,500,52927
00,500,21143
00,500,19313
00,500,11459
00,500,10660
00,500,6710
00,500,1274
00,500,-1964
00,500,-2832
00,500,-10210
00,500,-15588
00,500,-16199
00,500,-19352
00,500,-20092
00,500,-21674
00,500,-31143
00,500,-31728
00,500,-45928
00,500,-48303
00,500,-49387
00,500,-54421
00,500,-56491
00,500,-59819
00,500,-63582
00,500,-68899
00,500,-73734
00,500,-80316
00,500,-90524
00,500,-91093
00,500,-101037
00,500,-103201
00,500,-106956
00,500,-110913
00,500,-111965
00,500,-112487
00,500,-116004
00,500,-117767
00,500,-119362
00,500,-119811
00,500,-123045
00,500,-123222
00,500,-132133
00,500,-144088
00,500,-147212
00,500,-155754
00,500,-163786
00,500,-171944
00,500,-175389
00,500,-177258
00,500,-178504
00,500,-178527
00,500,-182818
00,500,-185887
00,500,-186901
00,500,-188164
00,500,-188201
00,500,-191109
00,500,-196203
00,500,-198016
00,500,-207427
00,500,-209896
00,500,-216285
00,500,-218511
00,500,-222945
00,500,-226429
00,500,-228649
00,500,-230199
00,500,-232817
00,500,-237302
00,500,-240617
00,500,-241095
00,500,-243673
00,500,-244398
00,500,-258472
00,500,-262597
00,500,-265111
00,500,-265216
00,500,-267624
00,500,-267633
00,500,-269754
00,500,-270552
00,500,-270737
00,500,-270768
00,500,-271768
00,500,-274054
00,500,-279234
00,500,-282949
00,500,-291942
00,500,-293839
00,500,-303673
00,500,-304964
00,500,-305321
00,500,-307573
00,500,-318275
00,500,-320065
00,500,-322965
00,500,-327517
00,500,-329937
00,500,-330861
00,500,-331211
00,500,-334417
00,500,-347632
00,500,-354606
00,500,-360632
00,500,-360701
00,500,-365594
00,500,-368147
00,500,-369903
00,500,-371260
00,500,-375330
00,500,-375488
00,500,-381874
00,500,-390662
00,500,-395135
00,500,-400674
00,500,-408322
00,500,-417527
00,500,-419218
00,500,-421018
00,500,-424732
00,500,-425732
00,500,-426124
00,500,-431621
00,500,-439198
00,500,-439761
00,500,-441316
00,500,-449648
00,500,-451687
00,500,-454950
00,500,-456233
00,500,-468876
00,500,-469266
00,500,-470899
00,500,-472253
00,500,-475108
00,500,-476132
00,500,-478196
00,500,-480604
00,500,-488989
00,500,-494016
00,500,-500232
00,500,-504963
00,500,-508399
00,500,-516435
00,500,-519263
00,500,-525087
00,500,-531110
00,500,-534646
00,500,-534957
00,500,-535585
00,500,-538987
00,500,-541287
00,500,-548994
00,500,-551317
00,500,-557762
00,500,-557833
00,500,-561836
00,500,-563601
00,500,-567327
00,500,-577817
00,500,-582882
00,500,-593542
00,500,-598331
00,500,-605743
00,500,-608048
00,500,-617460
00,500,-628526
00,500,-629549
00,500,-640217
00,500,-640947
00,500,-642806
00,500,-652099
00,500,-652215
00,500,-652905
00,500,-656664
00,500,-657995
00,500,-660933
00,500,-667156
00,500,-669384
00,500,-669748
00,500,-672454
00,500,-680329
00,500,-681671
00,500,-681840
00,500,-693144
00,500,-697576
00,500,-699959
00,500,-704838
00,500,-705458
00,500,-711353
00,500,-713086
00,500,-719949
00,500,-720703
00,500,-724272
00,500,-727906
00,500,-731399
00,500,-734652
00,500,-745179
00,500,-745512
00,500,-745638
00,500,-748394
00,500,-761363
00,500,-770588
00,500,-775497
00,500,-779695
00,500,-783227
00,500,-789248
00,500,-792366
00,500,-795103
00,500,-798617
00,500,-805763
00,500,-807469
00,500,-808421
00,500,-811874
00,500,-816349
00,500,-818054
00,500,-821357
00,500,-823228
00,500,-827900
00,500,-830173
00,500,-833200
00,500,-842348
00,500,-847923
00,500,-849479
00,500,-854117
00,500,-854370
00,500,-854444
00,500,-870046
00,500,-870731
00,500,-871566
00,500,-877585
00,500,-880795
00,500,-900528
00,500,-900804
00,500,-905775
00,500,-907097
00,500,-911555
00,500,-912963
00,500,-915618
00,500,-917778
00,500,-925490
00,500,-927881
00,500,-938156
00,500,-944786
00,500,-947559
00,500,-950756
00,500,-951309
00,500,-951495
00,500,-960653
00,500,-962362
00,500,-964334
00,500,-964572
00,500,-964671
00,500,-979859
00,500,-991066
00,500,-992752
00,500,-997481
00,500,-998773
00,1000,998935
00,1000,997734
00,1000,997238
00,1000,993220
00,1000,992515
00,1000,992291
00,1000,985829
00,1000,984438
00,1000,983374
00,1000,978909
00,1000,974865
00,1000,974385
00,1000,971410
00,1000,970549
00,1000,967495
00,1000,967467
00,1000,966955
00,1000,960653
00,1000,960044
00,1000,956872
00,1000,955274
00,1000,953415
00,1000,952641
00,1000,948897
00,1000,947251
00,1000,945527
00,1000,944408
00,1000,941981
00,1000,941284
00,1000,940041
00,1000,938432
00,1000,932708
00,1000,929643
00,1000,923255
00,1000,921585
00,1000,918087
00,1000,915274
00,1000,914712
00,1000,914286
00,1000,914068
00,1000,908153
00,1000,907126
00,1000,905211
00,1000,904160
00,1000,903525
00,1000,903159
00,1000,903096
00,1000,902258
00,1000,901759
00,1000,899037
00,1000,895201
00,1000,894144
00,1000,894038
00,1000,893991
00,1000,893452
00,1000,893248
00,1000,881824
00,1000,876182
00,1000,870754
00,1000,869089
00,1000,868477
00,1000,862798
00,1000,860372
00,1000,859925
00,1000,858310
00,1000,857876
00,1000,854253
00,1000,850533
00,1000,849068
00,1000,845744
00,1000,845553
00,1000,844502
00,1000,840460
00,1000,836738
00,1000,834928
00,1000,834640
00,1000,833086
00,1000,832823
00,1000,831357
00,1000,830959
00,1000,830051
00,1000,829219
00,1000,827748
00,1000,820516
00,1000,816548
00,1000,816474
00,1000,815402
00,1000,810840
00,1000,810574
00,1000,808191
00,1000,801790
00,1000,800356
00,1000,792353
00,1000,790336
00,1000,788711
00,1000,786517
00,1000,785495
00,1000,785366
00,1000,784726
00,1000,784675
00,1000,784468
00,1000,784389
00,1000,783649
00,1000,778217
00,1000,776673
00,1000,773411
00,1000,773338
00,1000,772610
00,1000,772507
00,1000,771871
00,1000,769013
00,1000,767116
00,1000,766635
00,1000,764889
00,1000,764480
00,1000,763309
00,1000,763030
00,1000,760457
00,1000,758195
00,1000,753496
00,1000,750947
00,1000,749831
00,1000,748804
00,1000,744960
00,1000,741961
00,1000,739667
00,1000,731881
00,1000,729679
00,1000,727480
00,1000,727199
00,1000,725240
00,1000,724519
00,1000,722341
00,1000,722127
00,1000,720401
00,1000,720240
00,1000,716202
00,1000,715137
00,1000,714750
00,1000,714383
00,1000,713255
00,1000,713139
00,1000,712904
00,1000,712520
00,1000,711879
00,1000,711153
00,1000,709437
00,1000,706799
00,1000,704163
00,1000,703548
00,1000,699583
00,1000,699129
00,1000,697009
00,1000,696024
00,1000,693961
00,1000,693168
00,1000,692082
00,1000,690773
00,1000,690109
00,1000,684653
00,1000,683933
00,1000,681095
00,1000,680843
00,1000,678000
00,1000,675130
00,1000,672756
00,1000,671982
00,1000,669665
00,1000,667753
00,1000,667576
00,1000,664706
00,1000,663996
00,1000,663140
00,1000,663035
00,1000,662711
00,1000,662464
00,1000,657921
00,1000,657811
00,1000,655728
00,1000,655055
00,1000,654601
00,1000,649783
00,1000,648919
00,1000,648915
00,1000,648525
00,1000,647830
00,1000,647773
00,1000,645218
00,1000,645168
00,1000,641578
00,1000,640703
00,1000,639150
00,1000,636829
00,1000,635535
00,1000,634825
00,1000,634481
00,1000,633546
00,1000,633157
00,1000,631834
00,1000,631723
00,1000,629505
00,1000,616722
00,1000,615147
00,1000,610900
00,1000,610271
00,1000,610202
00,1000,609819
00,1000,605578
00,1000,604755
00,1000,604632
00,1000,604544
00,1000,603840
00,1000,603651
00,1000,603507
00,1000,602337
00,1000,599244
00,1000,599155
00,1000,595981
00,1000,594678
00,1000,593512
00,1000,592669
00,1000,586996
00,1000,585497
00,1000,585120
00,1000,582702
00,1000,580385
00,1000,580069
00,1000,578306
00,1000,571512
00,1000,570930
00,1000,568064
00,1000,566334
00,1000,565677
00,1000,563790
00,1000,562285
00,1000,556591
00,1000,553137
00,1000,552937
00,1000,542878
00,1000,542700
00,1000,541080
00,1000,538197
00,1000,534709
00,1000,533026
00,1000,529465
00,1000,529025
00,1000,528326
00,1000,527265
00,1000,524100
00,1000,523562
00,1000,517230
00,1000,516320
00,1000,512431
00,1000,508080
00,1000,507276
00,1000,506848
00,1000,504962
00,1000,500794
00,1000,498354
00,1000,498254
00,1000,494484
00,1000,494462
00,1000,491986
00,1000,491609
00,1000,491159
00,1000,488985
00,1000,488574
00,1000,487081
00,1000,486944
00,1000,486663
00,1000,480330
00,1000,476374
00,1000,475098
00,1000,472683
00,1000,471482
00,1000,471235
00,1000,471074
00,1000,469471
00,1000,468460
00,1000,468224
00,1000,466811
00,1000,465675
00,1000,462669
00,1000,457897
00,1000,457414
00,1000,455986
00,1000,450964
00,1000,450586
00,1000,450463
00,1000,450373
00,1000,448309
00,1000,447115
00,1000,445048
00,1000,444221
00,1000,442570
00,1000,442508
00,1000,440331
00,1000,438147
00,1000,437403
00,1000,435178
00,1000,433943
00,1000,433782
00,1000,432478
00,1000,431461
00,1000,427755
00,1000,424810
00,1000,424736
00,1000,423815
00,1000,420432
00,1000,420292
00,1000,417428
00,1000,415660
00,1000,412091
00,1000,410353
00,1000,409714
00,1000,409586
00,1000,404167
00,1000,403224
00,1000,399652
00,1000,391639
00,1000,385350
00,1000,380188
00,1000,374664
00,1000,372208
00,1000,371596
00,1000,369635
00,1000,365015
00,1000,360996
00,1000,360865
00,1000,360004
00,1000,359632
00,1000,359485
00,1000,357572
00,1000,354586
00,1000,352474
00,1000,350953
00,1000,349625
00,1000,348837
00,1000,346362
00,1000,344952
00,1000,341041
00,1000,333717
00,1000,332127
00,1000,327304
00,1000,324576
00,1000,322083
00,1000,321130
00,1000,320673
00,1000,318321
00,1000,318248
00,1000,314870
00,1000,311524
00,1000,307548
00,1000,305127
00,1000,303363
00,1000,299707
00,1000,298930
00,1000,293570
00,1000,293201
00,1000,291074
00,1000,288787
00,1000,287897
00,1000,287064
00,1000,284485
00,1000,281735
00,1000,279878
00,1000,277134
00,1000,276292
00,1000,275343
00,1000,271522
00,1000,270723
00,1000,270707
00,1000,264940
00,1000,264869
00,1000,264391
00,1000,262338
00,1000,260957
00,1000,255944
00,1000,254711
00,1000,244896
00,1000,244463
00,1000,242814
00,1000,242593
00,1000,242545
00,1000,237600
00,1000,237364
00,1000,236767
00,1000,231789
00,1000,230583
00,1000,226834
00,1000,225976
00,1000,224507
00,1000,224473
00,1000,222822
00,1000,222621
00,1000,220200
00,1000,218914
00,1000,216027
00,1000,214960
00,1000,213723
00,1000,212020
00,1000,209243
00,1000,206206
00,1000,203150
00,1000,199560
00,1000,199319
00,1000,196918
00,1000,196751
00,1000,185960
00,1000,184204
00,1000,181249
00,1000,179530
00,1000,178955
00,1000,178936
00,1000,178062
00,1000,176581
00,1000,168636
00,1000,165440
00,1000,164337
00,1000,159841
00,1000,156490
00,1000,155868
00,1000,155743
00,1000,149571
00,1000,146608
00,1000,144992
00,1000,144758
00,1000,141765
00,1000,139580
00,1000,139526
00,1000,137474
00,1000,136577
00,1000,135391
00,1000,131110
00,1000,130915
00,1000,130546
00,1000,127827
00,1000,127455
00,1000,126516
00,1000,122778
00,1000,122234
00,1000,118185
00,1000,114865
00,1000,111346
00,1000,110910
00,1000,109113
00,1000,104793
00,1000,102445
00,1000,98904
00,1000,93704
00,1000,93509
00,1000,92674
00,1000,90318
00,1000,88832
00,1000,88190
00,1000,86806
00,1000,86632
00,1000,83110
00,1000,82107
00,1000,81069
00,1000,80833
00,1000,79553
00,1000,75826
00,1000,74806
00,1000,74535
00,1000,73859
00,1000,70921
00,1000,69046
00,1000,67707
00,1000,66024
00,1000,57323
00,1000,56791
00,1000,56708
00,1000,55888
00,1000,55157
00,1000,54192
00,1000,49208
00,1000,48669
00,1000,46039
00,1000,43190
00,1000,41550
00,1000,39035
00,1000,38350
00,1000,33832
00,1000,33769
00,1000,27378
00,1000,25138
00,1000,21788
00,1000,20972
00,1000,20852
00,1000,18893
00,1000,17947
00,1000,15073
00,1000,10712
00,1000,10583
00,1000,10494
00,1000,9377
00,1000,3966
00,1000,1413
00,1000,-496
00,1000,-2038
00,1000,-3938
00,1000,-4343
00,1000,-9847
00,1000,-10406
00,1000,-12334
00,1000,-14156
00,1000,-14514
00,1000,-16434
00,1000,-17975
00,1000,-18667
00,1000,-21364
00,1000,-21368
00,1000,-24931
00,1000,-25636
00,1000,-25905
00,1000,-26190
00,1000,-29802
00,1000,-32038
00,1000,-36605
00,1000,-37646
00,1000,-42639
00,1000,-42712
00,1000,-44001
00,1000,-49021
00,1000,-50676
00,1000,-51419
00,1000,-51583
00,1000,-53388
00,1000,-54195
00,1000,-55786
00,1000,-61874
00,1000,-62322
00,1000,-62474
00,1000,-64340
00,1000,-65029
00,1000,-66008
00,1000,-68562
00,1000,-70635
00,1000,-70848
00,1000,-72384
00,1000,-76229
00,1000,-76672
00,1000,-78681
00,1000,-81523
00,1000,-83111
00,1000,-83402
00,1000,-85048
00,1000,-90931
00,1000,-95484
00,1000,-95891
00,1000,-100124
00,1000,-100234
00,1000,-102285
00,1000,-103216
00,1000,-104851
00,1000,-105130
00,1000,-108138
00,1000,-110040
00,1000,-117616
00,1000,-117941
00,1000,-122569
00,1000,-126165
00,1000,-127434
00,1000,-135043
00,1000,-137764
00,1000,-138214
00,1000,-148413
00,1000,-148688
00,1000,-149274
00,1000,-149581
00,1000,-153438
00,1000,-160862
00,1000,-166621
00,1000,-174471
00,1000,-174571
00,1000,-174572
00,1000,-176011
00,1000,-176640
00,1000,-179166
00,1000,-182623
00,1000,-183357
00,1000,-187305
00,1000,-189117
00,1000,-190804
00,1000,-190847
00,1000,-191741
00,1000,-192340
00,1000,-192387
00,1000,-192483
00,1000,-193844
00,1000,-194918
00,1000,-196876
00,1000,-197571
00,1000,-197729
00,1000,-199870
00,1000,-200922
00,1000,-203395
00,1000,-204492
00,1000,-205792
00,1000,-209320
00,1000,-215187
00,1000,-216354
00,1000,-216500
00,1000,-217746
00,1000,-219147
00,1000,-220734
00,1000,-222020
00,1000,-223302
00,1000,-224723
00,1000,-229362
00,1000,-230143
00,1000,-232400
00,1000,-237015
00,1000,-238230
00,1000,-244935
00,1000,-246621
00,1000,-247874
00,1000,-248077
00,1000,-250414
00,1000,-251524
00,1000,-251918
00,1000,-255308
00,1000,-255815
00,1000,-255941
00,1000,-258636
00,1000,-259523
00,1000,-261907
00,1000,-262845
00,1000,-263428
00,1000,-265128
00,1000,-265994
00,1000,-270542
00,1000,-271472
00,1000,-273587
00,1000,-276600
00,1000,-282912
00,1000,-284310
00,1000,-286978
00,1000,-287387
00,1000,-289029
00,1000,-294304
00,1000,-294481
00,1000,-296131
00,1000,-300898
00,1000,-304097
00,1000,-306678
00,1000,-307396
00,1000,-308207
00,1000,-308931
00,1000,-308986
00,1000,-313017
00,1000,-316928
00,1000,-319014
00,1000,-324019
00,1000,-325170
00,1000,-326212
00,1000,-326878
00,1000,-332348
00,1000,-334156
00,1000,-335285
00,1000,-336786
00,1000,-339685
00,1000,-343687
00,1000,-344768
00,1000,-349642
00,1000,-350215
00,1000,-353339
00,1000,-353630
00,1000,-355158
00,1000,-358452
00,1000,-360086
00,1000,-363661
00,1000,-365478
00,1000,-366880
00,1000,-367504
00,1000,-370128
00,1000,-370945
00,1000,-372262
00,1000,-375840
00,1000,-376641
00,1000,-376861
00,1000,-378279
00,1000,-380814
00,1000,-381593
00,1000,-381609
00,1000,-385946
00,1000,-386541
00,1000,-389354
00,1000,-395854
00,1000,-397190
00,1000,-401618
00,1000,-401699
00,1000,-403015
00,1000,-408228
00,1000,-409594
00,1000,-409989
00,1000,-412557
00,1000,-413577
00,1000,-416612
00,1000,-417074
00,1000,-420285
00,1000,-422329
00,1000,-423612
00,1000,-425257
00,1000,-429878
00,1000,-430046
00,1000,-430999
00,1000,-432754
00,1000,-433878
00,1000,-437768
00,1000,-437985
00,1000,-438160
00,1000,-438178
00,1000,-444611
00,1000,-446269
00,1000,-448809
00,1000,-449428
00,1000,-449581
00,1000,-449600
00,1000,-451542
00,1000,-452290
00,1000,-453307
00,1000,-454521
00,1000,-464338
00,1000,-465355
00,1000,-471050
00,1000,-472008
00,1000,-472697
00,1000,-472751
00,1000,-473029
00,1000,-473350
00,1000,-479307
00,1000,-480417
00,1000,-484715
00,1000,-485094
00,1000,-485783
00,1000,-490406
00,1000,-492712
00,1000,-495260
00,1000,-495328
00,1000,-495539
00,1000,-498943
00,1000,-500146
00,1000,-501846
00,1000,-504178
00,1000,-507236
00,1000,-508258
00,1000,-508745
00,1000,-509404
00,1000,-511782
00,1000,-513531
00,1000,-516791
00,1000,-517497
00,1000,-517521
00,1000,-518165
00,1000,-520356
00,1000,-525906
00,1000,-526650
00,1000,-530702
00,1000,-533352
00,1000,-535162
00,1000,-539122
00,1000,-540920
00,1000,-541420
00,1000,-541763
00,1000,-542555
00,1000,-544713
00,1000,-552618
00,1000,-552654
00,1000,-557762
00,1000,-561412
00,1000,-562657
00,1000,-563653
00,1000,-566564
00,1000,-566812
00,1000,-567290
00,1000,-568394
00,1000,-577768
00,1000,-582297
00,1000,-585193
00,1000,-587497
00,1000,-587931
00,1000,-589660
00,1000,-590052
00,1000,-591675
00,1000,-592734
00,1000,-593555
00,1000,-598239
00,1000,-599744
00,1000,-601220
00,1000,-602997
00,1000,-609498
00,1000,-610024
00,1000,-610577
00,1000,-610861
00,1000,-611374
00,1000,-612335
00,1000,-613088
00,1000,-614033
00,1000,-619115
00,1000,-619157
00,1000,-622319
00,1000,-623840
00,1000,-626096
00,1000,-627011
00,1000,-629103
00,1000,-632002
00,1000,-634805
00,1000,-635562
00,1000,-641613
00,1000,-642640
00,1000,-642990
00,1000,-643531
00,1000,-646155
00,1000,-648866
00,1000,-649672
00,1000,-653990
00,1000,-654840
00,1000,-658260
00,1000,-660154
00,1000,-663727
00,1000,-665280
00,1000,-666195
00,1000,-666979
00,1000,-667178
00,1000,-667679
00,1000,-670478
00,1000,-671346
00,1000,-672362
00,1000,-675921
00,1000,-677341
00,1000,-679355
00,1000,-679911
00,1000,-681404
00,1000,-682059
00,1000,-685205
00,1000,-687284
00,1000,-688155
00,1000,-694806
00,1000,-695275
00,1000,-696394
00,1000,-696702
00,1000,-699550
00,1000,-701683
00,1000,-703773
00,1000,-706471
00,1000,-709159
00,1000,-711209
00,1000,-712775
00,1000,-713478
00,1000,-715565
00,1000,-717742
00,1000,-719018
00,1000,-720750
00,1000,-720811
00,1000,-721100
00,1000,-727194
00,1000,-727358
00,1000,-732600
00,1000,-733679
00,1000,-738160
00,1000,-739662
00,1000,-743011
00,1000,-743476
00,1000,-745980
00,1000,-748179
00,1000,-748354
00,1000,-749073
00,1000,-754107
00,1000,-756446
00,1000,-757687
00,1000,-760656
00,1000,-761518
00,1000,-762076
00,1000,-762608
00,1000,-763621
00,1000,-765534
00,1000,-768974
00,1000,-769251
00,1000,-775655
00,1000,-777133
00,1000,-777245
00,1000,-777444
00,1000,-780957
00,1000,-785620
00,1000,-785886
00,1000,-788250
00,1000,-790206
00,1000,-790356
00,1000,-790613
00,1000,-794706
00,1000,-796476
00,1000,-797280
00,1000,-799054
00,1000,-799287
00,1000,-799532
00,1000,-806899
00,1000,-808577
00,1000,-809670
00,1000,-814679
00,1000,-817662
00,1000,-820643
00,1000,-821799
00,1000,-825743
00,1000,-825767
00,1000,-826108
00,1000,-826150
00,1000,-832509
00,1000,-833766
00,1000,-833945
00,1000,-834322
00,1000,-835066
00,1000,-835741
00,1000,-838255
00,1000,-840144
00,1000,-840624
00,1000,-841033
00,1000,-841377
00,1000,-843044
00,1000,-845842
00,1000,-848277
00,1000,-853461
00,1000,-856251
00,1000,-856664
00,1000,-858044
00,1000,-858732
00,1000,-860620
00,1000,-867707
00,1000,-869227
00,1000,-871354
00,1000,-873623
00,1000,-875771
00,1000,-876057
00,1000,-880094
00,1000,-881021
00,1000,-881069
00,1000,-881758
00,1000,-884180
00,1000,-884461
00,1000,-884975
00,1000,-887540
00,1000,-889372
00,1000,-890802
00,1000,-891463
00,1000,-892341
00,1000,-893003
00,1000,-893314
00,1000,-893856
00,1000,-894849
00,1000,-898520
00,1000,-903803
00,1000,-906656
00,1000,-908226
00,1000,-909545
00,1000,-911662
00,1000,-912410
00,1000,-915544
00,1000,-919141
00,1000,-921711
00,1000,-925157
00,1000,-926669
00,1000,-929537
00,1000,-929556
00,1000,-929758
00,1000,-935017
00,1000,-942758
00,1000,-943473
00,1000,-944911
00,1000,-947417
00,1000,-947804
00,1000,-948967
00,1000,-950902
00,1000,-966348
00,1000,-968502
00,1000,-969027
00,1000,-969184
00,1000,-970468
00,1000,-971073
00,1000,-971357
00,1000,-972137
00,1000,-972289
00,1000,-972328
00,1000,-972474
00,1000,-973974
00,1000,-974996
00,1000,-975181
00,1000,-976022
00,1000,-976975
00,1000,-978883
00,1000,-981421
00,1000,-982206
00,1000,-983508
00,1000,-983913
00,1000,-989740
00,1000,-989898
00,1000,-990120
00,1000,-991832
00,1000,-995735
00,1000,-999351
00,5000,997905
00,5000,997838
00,5000,996999
00,5000,996931
00,5000,996841
00,5000,996825
00,5000,996671
00,5000,996247
00,5000,995604
00,5000,995568
00,5000,995089
00,5000,995026
00,5000,994617
00,5000,994237
00,5000,994148
00,5000,994092
00,5000,993957
00,5000,993908
00,5000,993502
00,5000,991926
00,5000,991260
00,5000,990864
00,5000,990480
00,5000,990419
00,5000,990375
00,5000,990270
00,5000,990173
00,5000,990004
00,5000,989362
00,5000,989105
00,5000,988787
00,5000,988530
00,5000,987899
00,5000,987590
00,5000,986527
00,5000,985890
00,5000,985240
00,5000,985102
00,5000,984907
00,5000,984784
00,5000,984770
00,5000,983901
00,5000,983884
00,5000,983811
00,5000,983754
00,5000,983393
00,5000,982908
00,5000,982587
00,5000,982341
00,5000,982167
00,5000,981788
00,5000,981210
00,5000,980521
00,5000,979339
00,5000,978852
00,5000,978697
00,5000,978487
00,5000,977852
00,5000,977528
00,5000,977444
00,5000,977369
00,5000,977281
00,5000,975843
00,5000,975766
00,5000,975355
00,5000,975343
00,5000,975315
00,5000,974749
00,5000,974561
00,5000,974374
00,5000,974019
00,5000,972875
00,5000,972538
00,5000,971550
00,5000,971397
00,5000,971290
00,5000,970633
00,5000,969908
00,5000,968973
00,5000,967571
00,5000,967523
00,5000,966875
00,5000,966870
00,5000,966715
00,5000,966496
00,5000,966411
00,5000,966357
00,5000,965730
00,5000,965540
00,5000,964399
00,5000,964341
00,5000,964221
00,5000,962699
00,5000,962247
00,5000,961638
00,5000,961542
00,5000,961530
00,5000,961283
00,5000,960934
00,5000,960883
00,5000,960681
00,5000,960265
00,5000,959795
00,5000,959718
00,5000,959269
00,5000,958655
00,5000,958449
00,5000,957925
00,5000,957805
00,5000,957444
00,5000,957422
00,5000,955873
00,5000,955834
00,5000,955330
00,5000,954529
00,5000,954434
00,5000,954182
00,5000,954008
00,5000,953848
00,5000,952807
00,5000,952546
00,5000,952442
00,5000,952207
00,5000,951850
00,5000,950457
00,5000,950437
00,5000,950405
00,5000,950249
00,5000,949888
00,5000,949238
00,5000,949220
00,5000,948931
00,5000,948158
00,5000,947954
00,5000,947943
00,5000,946699
00,5000,946359
00,5000,945016
00,5000,943270
00,5000,941072
00,5000,940865
00,5000,940248
00,5000,940186
00,5000,939476
00,5000,939274
00,5000,939138
00,5000,938627
00,5000,938497
00,5000,938493
00,5000,937921
00,5000,937716
00,5000,937674
00,5000,937673
00,5000,937519
00,5000,936749
00,5000,936051
00,5000,935914
00,5000,935422
00,5000,935415
00,5000,935062
00,5000,933645
00,5000,933230
00,5000,933204
00,5000,932201
00,5000,931741
00,5000,931524
00,5000,929758
00,5000,929359
00,5000,929058
00,5000,928376
00,5000,928354
00,5000,927060
00,5000,925431
00,5000,925232
00,5000,925137
00,5000,925027
00,5000,924189
00,5000,923970
00,5000,923959
00,5000,923514
00,5000,922902
00,5000,922755
00,5000,922606
00,5000,922525
00,5000,922262
00,5000,922079
00,5000,921720
00,5000,921685
00,5000,921498
00,5000,921378
00,5000,921230
00,5000,921158
00,5000,920806
00,5000,920114
00,5000,919840
00,5000,919701
00,5000,919349
00,5000,919186
00,5000,917460
00,5000,916788
00,5000,916072
00,5000,915350
00,5000,915095
00,5000,914835
00,5000,914786
00,5000,914295
00,5000,914063
00,5000,914007
00,5000,913997
00,5000,913803
00,5000,912466
00,5000,912464
00,5000,912323
00,5000,911267
00,5000,911133
00,5000,911067
00,5000,910745
00,5000,910678
00,5000,909331
00,5000,909300
00,5000,909297
00,5000,908762
00,5000,908203
00,5000,907984
00,5000,907682
00,5000,907584
00,5000,906947
00,5000,906436
00,5000,906005
00,5000,905931
00,5000,905446
00,5000,904696
00,5000,904202
00,5000,903828
00,5000,903487
00,5000,903467
00,5000,903239
00,5000,902850
00,5000,902598
00,5000,902170
00,5000,902010
00,5000,901361
00,5000,901286
00,5000,901068
00,5000,900945
00,5000,899739
00,5000,899647
00,5000,899423
00,5000,898991
00,5000,898408
00,5000,898049
00,5000,897682
00,5000,896645
00,5000,896510
00,5000,895471
00,5000,894367
00,5000,894257
00,5000,894234
00,5000,893905
00,5000,893825
00,5000,892683
00,5000,892427
00,5000,891128
00,5000,890450
00,5000,890236
00,5000,890097
00,5000,889546
00,5000,889323
00,5000,889268
00,5000,888797
00,5000,888789
00,5000,888670
00,5000,888454
00,5000,887736
00,5000,886946
00,5000,886482
00,5000,886360
00,5000,886180
00,5000,886109
00,5000,886011
00,5000,885626
00,5000,885335
00,5000,885223
00,5000,885171
00,5000,885140
00,5000,885039
00,5000,884627
00,5000,883562
00,5000,883431
00,5000,883234
00,5000,882984
00,5000,882738
00,5000,882530
00,5000,881480
00,5000,880923
00,5000,880830
00,5000,880685
00,5000,880606
00,5000,880264
00,5000,880256
00,5000,879774
00,5000,879650
00,5000,879500
00,5000,879404
00,5000,879153
00,5000,879040
00,5000,878658
00,5000,878364
00,5000,878343
00,5000,877994
00,5000,877531
00,5000,876797
00,5000,876591
00,5000,876057
00,5000,875771
00,5000,873034
00,5000,873019
00,5000,872587
00,5000,872053
00,5000,871438
00,5000,870207
00,5000,869983
00,5000,869142
00,5000,868858
00,5000,867913
00,5000,867596
00,5000,867444
00,5000,867162
00,5000,866131
00,5000,865359
00,5000,863920
00,5000,863592
00,5000,862956
00,5000,862395
00,5000,862071
00,5000,862065
00,5000,860914
00,5000,860604
00,5000,860460
00,5000,858979
00,5000,858493
00,5000,858168
00,5000,857140
00,5000,857124
00,5000,856322
00,5000,856125
00,5000,855926
00,5000,855902
00,5000,854863
00,5000,854611
00,5000,854511
00,5000,854176
00,5000,854070
00,5000,853162
00,5000,852834
00,5000,852666
00,5000,852366
00,5000,852196
00,5000,851383
00,5000,850157
00,5000,849932
00,5000,849774
00,5000,849765
00,5000,849221
00,5000,848688
00,5000,848662
00,5000,847859
00,5000,847401
00,5000,846423
00,5000,845878
00,5000,845025
00,5000,844528
00,5000,844316
00,5000,844143
00,5000,843961
00,5000,843912
00,5000,843232
00,5000,842365
00,5000,841588
00,5000,841527
00,5000,840967
00,5000,840722
00,5000,840542
00,5000,840425
00,5000,840069
00,5000,839671
00,5000,839652
00,5000,839415
00,5000,839279
00,5000,838468
00,5000,838146
00,5000,837764
00,5000,837189
00,5000,837172
00,5000,837058
00,5000,836947
00,5000,836118
00,5000,835686
00,5000,834985
00,5000,834936
00,5000,834834
00,5000,834526
00,5000,834336
00,5000,834075
00,5000,833483
00,5000,833262
00,5000,833044
00,5000,832674
00,5000,832546
00,5000,832158
00,5000,831746
00,5000,831551
00,5000,831473
00,5000,831039
00,5000,830477
00,5000,829779
00,5000,829018
00,5000,828792
00,5000,828224
00,5000,827925
00,5000,827287
00,5000,826914
00,5000,826322
00,5000,825765
00,5000,825546
00,5000,825521
00,5000,825183
00,5000,824965
00,5000,824422
00,5000,824318
00,5000,824183
00,5000,823813
00,5000,823037
00,5000,822910
00,5000,821080
00,5000,820749
00,5000,820743
00,5000,819764
00,5000,819503
00,5000,819489
00,5000,819323
00,5000,818930
00,5000,818895
00,5000,817977
00,5000,817884
00,5000,817301
00,5000,817146
00,5000,816462
00,5000,816182
00,5000,816181
00,5000,816158
00,5000,815930
00,5000,815620
00,5000,815481
00,5000,815350
00,5000,815348
00,5000,815048
00,5000,814604
00,5000,814260
00,5000,814191
00,5000,813849
00,5000,813664
00,5000,813599
00,5000,813455
00,5000,813248
00,5000,813223
00,5000,813097
00,5000,813076
00,5000,812605
00,5000,812425
00,5000,812291
00,5000,812229
00,5000,812023
00,5000,811781
00,5000,811538
00,5000,811330
00,5000,811250
00,5000,811218
00,5000,810924
00,5000,809761
00,5000,809740
00,5000,808415
00,5000,807959
00,5000,806126
00,5000,805499
00,5000,805253
00,5000,805147
00,5000,804762
00,5000,804514
00,5000,804029
00,5000,803607
00,5000,803057
00,5000,802911
00,5000,802630
00,5000,802309
00,5000,802295
00,5000,801977
00,5000,801476
00,5000,801218
00,5000,801171
00,5000,801146
00,5000,801112
00,5000,801106
00,5000,799398
00,5000,798981
00,5000,798140
00,5000,797555
00,5000,797464
00,5000,795619
00,5000,794917
00,5000,794419
00,5000,794078
00,5000,792176
00,5000,791944
00,5000,791927
00,5000,791529
00,5000,790769
00,5000,790524
00,5000,790447
00,5000,789889
00,5000,788975
00,5000,788940
00,5000,788032
00,5000,787840
00,5000,786600
00,5000,786152
00,5000,785891
00,5000,785871
00,5000,785019
00,5000,784689
00,5000,784366
00,5000,783934
00,5000,783743
00,5000,783707
00,5000,783054
00,5000,783046
00,5000,782464
00,5000,782390
00,5000,782079
00,5000,781936
00,5000,781270
00,5000,781151
00,5000,780266
00,5000,779443
00,5000,778781
00,5000,778040
00,5000,777629
00,5000,776907
00,5000,775962
00,5000,774194
00,5000,773236
00,5000,773201
00,5000,772851
00,5000,772767
00,5000,772433
00,5000,772296
00,5000,771205
00,5000,771196
00,5000,771017
00,5000,770712
00,5000,770176
00,5000,770142
00,5000,770047
00,5000,769954
00,5000,769634
00,5000,769549
00,5000,766438
00,5000,766421
00,5000,766284
00,5000,765710
00,5000,765531
00,5000,765175
00,5000,764980
00,5000,764509
00,5000,764361
00,5000,763244
00,5000,762894
00,5000,762443
00,5000,762393
00,5000,762200
00,5000,761920
00,5000,761520
00,5000,760911
00,5000,760770
00,5000,760600
00,5000,760428
00,5000,760084
00,5000,760083
00,5000,759954
00,5000,759783
00,5000,759736
00,5000,759654
00,5000,759422
00,5000,759398
00,5000,759155
00,5000,758799
00,5000,758413
00,5000,757152
00,5000,756013
00,5000,755292
00,5000,755047
00,5000,753391
00,5000,753175
00,5000,752262
00,5000,751853
00,5000,751844
00,5000,751644
00,5000,750470
00,5000,749566
00,5000,748421
00,5000,748351
00,5000,748300
00,5000,748204
00,5000,747976
00,5000,747658
00,5000,747630
00,5000,747100
00,5000,747015
00,5000,746709
00,5000,745660
00,5000,744504
00,5000,744484
00,5000,744093
00,5000,743908
00,5000,742969
00,5000,742800
00,5000,742697
00,5000,742074
00,5000,741937
00,5000,741664
00,5000,740504
00,5000,740000
00,5000,739257
00,5000,739094
00,5000,739060
00,5000,739054
00,5000,738061
00,5000,737863
00,5000,737246
00,5000,736482
00,5000,736011
00,5000,735830
00,5000,735252
00,5000,734792
00,5000,734713
00,5000,734347
00,5000,734315
00,5000,733891
00,5000,733127
00,5000,731779
00,5000,731637
00,5000,731565
00,5000,731443
00,5000,731340
00,5000,731195
00,5000,730945
00,5000,730733
00,5000,730145
00,5000,729913
00,5000,729897
00,5000,727896
00,5000,727282
00,5000,726416
00,5000,726168
00,5000,726036
00,5000,725699
00,5000,725334
00,5000,725166
00,5000,724784
00,5000,724767
00,5000,724415
00,5000,724210
00,5000,723524
00,5000,722907
00,5000,722902
00,5000,722512
00,5000,721993
00,5000,721091
00,5000,720552
00,5000,720350
00,5000,719840
00,5000,719514
00,5000,719434
00,5000,719365
00,5000,719171
00,5000,718626
00,5000,718445
00,5000,718079
00,5000,717895
00,5000,717498
00,5000,717456
00,5000,717454
00,5000,717162
00,5000,717096
00,5000,716897
00,5000,716705
00,5000,716373
00,5000,716099
00,5000,715848
00,5000,715579
00,5000,714835
00,5000,714009
00,5000,713960
00,5000,713913
00,5000,713634
00,5000,713578
00,5000,712741
00,5000,712711
00,5000,711996
00,5000,711632
00,5000,711626
00,5000,711068
00,5000,710717
00,5000,710653
00,5000,710491
00,5000,710456
00,5000,709767
00,5000,709443
00,5000,708725
00,5000,708380
00,5000,707944
00,5000,707507
00,5000,707362
00,5000,707298
00,5000,707127
00,5000,707069
00,5000,706841
00,5000,706341
00,5000,705997
00,5000,705623
00,5000,705275
00,5000,704682
00,5000,703567
00,5000,702592
00,5000,702150
00,5000,701879
00,5000,700185
00,5000,699304
00,5000,699141
00,5000,697800
00,5000,697585
00,5000,697495
00,5000,697453
00,5000,697421
00,5000,696918
00,5000,696794
00,5000,696778
00,5000,696608
00,5000,696592
00,5000,695783
00,5000,695437
00,5000,694486
00,5000,694201
00,5000,693693
00,5000,693619
00,5000,693465
00,5000,693181
00,5000,693157
00,5000,692909
00,5000,692454
00,5000,692444
00,5000,692272
00,5000,692046
00,5000,691881
00,5000,691785
00,5000,690982
00,5000,690350
00,5000,690073
00,5000,690053
00,5000,689674
00,5000,689434
00,5000,688125
00,5000,687523
00,5000,686720
00,5000,686574
00,5000,685991
00,5000,685462
00,5000,684459
00,5000,684339
00,5000,684294
00,5000,684215
00,5000,684168
00,5000,683561
00,5000,683455
00,5000,682105
00,5000,681478
00,5000,680688
00,5000,680378
00,5000,679990
00,5000,679761
00,5000,679495
00,5000,678623
00,5000,678449
00,5000,677781
00,5000,677566
00,5000,677223
00,5000,677102
00,5000,676121
00,5000,676108
00,5000,676020
00,5000,675653
00,5000,675161
00,5000,675085
00,5000,674097
00,5000,673644
00,5000,673494
00,5000,672693
00,5000,672196
00,5000,671839
00,5000,671776
00,5000,671340
00,5000,671173
00,5000,670934
00,5000,670824
00,5000,670578
00,5000,670371
00,5000,669822
00,5000,668319
00,5000,666792
00,5000,666681
00,5000,665792
00,5000,665512
00,5000,664988
00,5000,664439
00,5000,664166
00,5000,664066
00,5000,663286
00,5000,661949
00,5000,661239
00,5000,661052
00,5000,660886
00,5000,660589
00,5000,660581
00,5000,660283
00,5000,659631
00,5000,659433
00,5000,659395
00,5000,659084
00,5000,658448
00,5000,658448
00,5000,658268
00,5000,657794
00,5000,657727
00,5000,657525
00,5000,657515
00,5000,656123
00,5000,655893
00,5000,655644
00,5000,655599
00,5000,654637
00,5000,654559
00,5000,654090
00,5000,654027
00,5000,653951
00,5000,653496
00,5000,652694
00,5000,652553
00,5000,652330
00,5000,652246
00,5000,652102
00,5000,651453
00,5000,651322
00,5000,651075
00,5000,651064
00,5000,651053
00,5000,651049
00,5000,650437
00,5000,649360
00,5000,649271
00,5000,647720
00,5000,647352
00,5000,647270
00,5000,646724
00,5000,646024
00,5000,645227
00,5000,644389
00,5000,644367
00,5000,643815
00,5000,642881
00,5000,642859
00,5000,642601
00,5000,642488
00,5000,642357
00,5000,642299
00,5000,641986
00,5000,641740
00,5000,641227
00,5000,640293
00,5000,639762
00,5000,639520
00,5000,639501
00,5000,638895
00,5000,638888
00,5000,638855
00,5000,638658
00,5000,638435
00,5000,637986
00,5000,637751
00,5000,637748
00,5000,637289
00,5000,635720
00,5000,635673
00,5000,635333
00,5000,635134
00,5000,634864
00,5000,634148
00,5000,633815
00,5000,633777
00,5000,633170
00,5000,633040
00,5000,632495
00,5000,632449
00,5000,631421
00,5000,631013
00,5000,630734
00,5000,630643
00,5000,630271
00,5000,629750
00,5000,629634
00,5000,629218
00,5000,629215
00,5000,629066
00,5000,627928
00,5000,627919
00,5000,627849
00,5000,627476
00,5000,627470
00,5000,627223
00,5000,627070
00,5000,627061
00,5000,626115
00,5000,626112
00,5000,625738
00,5000,625091
00,5000,624911
00,5000,624605
00,5000,624446
00,5000,624289
00,5000,623952
00,5000,623321
00,5000,623263
00,5000,623084
00,5000,622962
00,5000,622165
00,5000,622089
00,5000,622085
00,5000,621994
00,5000,621783
00,5000,621730
00,5000,620846
00,5000,620640
00,5000,620394
00,5000,620269
00,5000,619385
00,5000,618995
00,5000,618521
00,5000,618408
00,5000,618027
00,5000,617579
00,5000,616641
00,5000,616571
00,5000,615970
00,5000,615954
00,5000,615478
00,5000,615445
00,5000,615327
00,5000,614886
00,5000,614527
00,5000,614345
00,5000,614334
00,5000,613602
00,5000,613399
00,5000,613154
00,5000,612891
00,5000,612272
00,5000,612154
00,5000,611824
00,5000,610995
00,5000,610344
00,5000,610182
00,5000,610101
00,5000,609821
00,5000,609576
00,5000,608486
00,5000,607603
00,5000,607574
00,5000,607132
00,5000,607128
00,5000,606338
00,5000,606260
00,5000,605996
00,5000,605476
00,5000,604965
00,5000,604925
00,5000,604536
00,5000,603939
00,5000,603158
00,5000,602753
00,5000,602488
00,5000,601675
00,5000,601584
00,5000,600961
00,5000,600524
00,5000,600391
00,5000,599357
00,5000,599356
00,5000,599065
00,5000,598676
00,5000,597539
00,5000,597190
00,5000,597049
00,5000,596732
00,5000,595450
00,5000,595418
00,5000,595008
00,5000,594294
00,5000,593592
00,5000,592922
00,5000,591950
00,5000,591753
00,5000,591592
00,5000,591086
00,5000,591063
00,5000,589988
00,5000,589589
00,5000,589536
00,5000,589310
00,5000,589224
00,5000,588690
00,5000,588680
00,5000,588550
00,5000,587700
00,5000,587606
00,5000,587179
00,5000,584228
00,5000,583660
00,5000,583515
00,5000,582770
00,5000,581707
00,5000,581670
00,5000,580745
00,5000,580330
00,5000,580233
00,5000,579880
00,5000,579846
00,5000,579456
00,5000,578622
00,5000,578068
00,5000,577564
00,5000,577149
00,5000,577028
00,5000,576998
00,5000,576899
00,5000,576783
00,5000,576659
00,5000,576587
00,5000,576433
00,5000,576377
00,5000,575225
00,5000,575106
00,5000,575019
00,5000,574341
00,5000,574164
00,5000,574114
00,5000,573994
00,5000,573290
00,5000,573083
00,5000,572993
00,5000,572924
00,5000,572906
00,5000,572885
00,5000,572130
00,5000,571817
00,5000,571683
00,5000,571454
00,5000,571121
00,5000,570734
00,5000,570071
00,5000,569694
00,5000,569450
00,5000,568953
00,5000,568545
00,5000,568165
00,5000,568094
00,5000,567928
00,5000,567878
00,5000,567659
00,5000,567510
00,5000,566851
00,5000,566376
00,5000,565921
00,5000,565913
00,5000,565714
00,5000,565569
00,5000,565363
00,5000,565149
00,5000,565124
00,5000,564906
00,5000,564843
00,5000,564546
00,5000,564459
00,5000,562280
00,5000,561960
00,5000,561551
00,5000,561517
00,5000,561257
00,5000,561194
00,5000,560976
00,5000,560970
00,5000,560656
00,5000,560074
00,5000,559203
00,5000,558475
00,5000,558403
00,5000,557904
00,5000,557440
00,5000,557415
00,5000,557080
00,5000,556946
00,5000,555744
00,5000,555649
00,5000,555594
00,5000,555502
00,5000,555240
00,5000,555024
00,5000,554775
00,5000,554581
00,5000,554320
00,5000,553361
00,5000,553306
00,5000,552256
00,5000,552066
00,5000,551725
00,5000,551635
00,5000,551470
00,5000,551390
00,5000,550886
00,5000,550362
00,5000,549933
00,5000,549470
00,5000,549269
00,5000,548796
00,5000,548782
00,5000,548639
00,5000,548562
00,5000,548370
00,5000,548363
00,5000,547855
00,5000,547521
00,5000,545087
00,5000,544679
00,5000,544510
00,5000,544169
00,5000,543966
00,5000,543732
00,5000,543715
00,5000,543034
00,5000,541300
00,5000,541186
00,5000,541080
00,5000,540410
00,5000,540160
00,5000,539775
00,5000,538935
00,5000,538184
00,5000,538011
00,5000,536921
00,5000,536446
00,5000,535352
00,5000,535288
00,5000,534753
00,5000,534119
00,5000,534055
00,5000,533889
00,5000,533499
00,5000,532836
00,5000,532640
00,5000,532526
00,5000,532449
00,5000,532272
00,5000,531486
00,5000,531148
00,5000,530679
00,5000,530484
00,5000,530332
00,5000,530114
00,5000,528638
00,5000,528534
00,5000,528509
00,5000,528011
00,5000,527924
00,5000,527889
00,5000,527665
00,5000,526886
00,5000,526664
00,5000,526462
00,5000,525835
00,5000,524753
00,5000,524744
00,5000,524417
00,5000,524198
00,5000,523523
00,5000,523482
00,5000,523158
00,5000,522024
00,5000,521849
00,5000,520955
00,5000,520829
00,5000,520708
00,5000,520552
00,5000,520424
00,5000,520052
00,5000,519935
00,5000,519656
00,5000,519238
00,5000,518249
00,5000,518237
00,5000,518230
00,5000,518036
00,5000,517805
00,5000,517381
00,5000,517151
00,5000,517125
00,5000,516815
00,5000,516159
00,5000,516094
00,5000,515658
00,5000,514937
00,5000,514377
00,5000,513759
00,5000,513579
00,5000,513248
00,5000,513185
00,5000,512389
00,5000,512067
00,5000,511377
00,5000,511119
00,5000,510502
00,5000,510316
00,5000,509721
00,5000,509592
00,5000,508841
00,5000,508514
00,5000,508492
00,5000,508203
00,5000,507669
00,5000,506924
00,5000,506870
00,5000,506420
00,5000,505911
00,5000,505688
00,5000,504919
00,5000,504140
00,5000,502929
00,5000,502556
00,5000,501838
00,5000,501439
00,5000,500774
00,5000,500711
00,5000,500619
00,5000,500601
00,5000,500460
00,5000,500249
00,5000,498744
00,5000,498604
00,5000,497230
00,5000,497012
00,5000,495498
00,5000,494692
00,5000,494589
00,5000,494526
00,5000,494384
00,5000,494109
00,5000,493479
00,5000,493406
00,5000,492893
00,5000,492489
00,5000,490317
00,5000,489942
00,5000,489506
00,5000,489469
00,5000,489166
00,5000,489081
00,5000,488981
00,5000,488603
00,5000,488423
00,5000,488060
00,5000,487957
00,5000,487897
00,5000,487516
00,5000,487403
00,5000,486797
00,5000,485775
00,5000,485662
00,5000,485213
00,5000,484979
00,5000,484809
00,5000,484071
00,5000,483716
00,5000,483556
00,5000,483500
00,5000,482688
00,5000,482668
00,5000,482654
00,5000,482484
00,5000,482095
00,5000,482049
00,5000,481982
00,5000,481004
00,5000,480689
00,5000,480389
00,5000,480371
00,5000,480276
00,5000,480176
00,5000,479520
00,5000,479424
00,5000,479379
00,5000,479248
00,5000,479130
00,5000,477356
00,5000,476940
00,5000,475316
00,5000,475214
00,5000,474696
00,5000,474366
00,5000,474302
00,5000,474198
00,5000,473807
00,5000,473758
00,5000,473677
00,5000,472990
00,5000,472953
00,5000,472451
00,5000,472212
00,5000,471859
00,5000,471573
00,5000,470609
00,5000,470556
00,5000,469713
00,5000,469373
00,5000,467565
00,5000,467473
00,5000,467359
00,5000,467281
00,5000,467000
00,5000,466768
00,5000,466485
00,5000,465877
00,5000,465258
00,5000,463539
00,5000,463520
00,5000,463519
00,5000,463205
00,5000,463179
00,5000,462327
00,5000,462130
00,5000,461666
00,5000,461620
00,5000,461544
00,5000,461184
00,5000,461095
00,5000,460859
00,5000,460634
00,5000,460311
00,5000,460203
00,5000,459980
00,5000,459850
00,5000,459673
00,5000,459543
00,5000,459478
00,5000,457905
00,5000,457756
00,5000,457619
00,5000,457610
00,5000,456775
00,5000,456574
00,5000,456420
00,5000,456247
00,5000,456025
00,5000,455497
00,5000,455123
00,5000,454716
00,5000,454578
00,5000,454563
00,5000,454365
00,5000,453871
00,5000,453523
00,5000,453453
00,5000,453429
00,5000,453088
00,5000,453054
00,5000,452295
00,5000,452202
00,5000,452160
00,5000,452141
00,5000,452125
00,5000,451249
00,5000,450829
00,5000,450829
00,5000,450796
00,5000,450377
00,5000,449168
00,5000,448211
00,5000,447730
00,5000,447671
00,5000,447429
00,5000,447070
00,5000,446393
00,5000,445575
00,5000,443618
00,5000,443434
00,5000,443246
00,5000,443038
00,5000,442049
00,5000,441910
00,5000,441669
00,5000,441632
00,5000,441244
00,5000,441196
00,5000,440791
00,5000,440073
00,5000,440016
00,5000,439519
00,5000,438919
00,5000,438733
00,5000,438647
00,5000,437943
00,5000,437881
00,5000,437205
00,5000,437112
00,5000,436533
00,5000,435861
00,5000,435272
00,5000,435237
00,5000,434016
00,5000,433656
00,5000,432130
00,5000,431985
00,5000,431777
00,5000,431729
00,5000,431424
00,5000,430848
00,5000,430506
00,5000,430182
00,5000,429930
00,5000,428963
00,5000,426816
00,5000,426458
00,5000,426240
00,5000,426030
00,5000,425412
00,5000,424555
00,5000,424367
00,5000,424202
00,5000,424061
00,5000,423469
00,5000,423454
00,5000,422893
00,5000,422763
00,5000,421944
00,5000,421790
00,5000,421481
00,5000,420823
00,5000,420713
00,5000,420282
00,5000,420118
00,5000,419450
00,5000,418691
00,5000,418532
00,5000,418059
00,5000,417919
00,5000,417749
00,5000,417359
00,5000,417317
00,5000,416865
00,5000,415849
00,5000,415440
00,5000,414672
00,5000,414499
00,5000,413759
00,5000,413371
00,5000,413254
00,5000,412685
00,5000,412445
00,5000,411131
00,5000,410586
00,5000,408628
00,5000,407887
00,5000,407482
00,5000,407184
00,5000,406670
00,5000,406337
00,5000,405740
00,5000,404590
00,5000,404498
00,5000,403233
00,5000,403168
00,5000,402792
00,5000,402785
00,5000,402225
00,5000,402065
00,5000,401058
00,5000,400907
00,5000,400683
00,5000,400291
00,5000,400004
00,5000,399894
00,5000,399854
00,5000,396797
00,5000,396461
00,5000,396385
00,5000,396284
00,5000,396212
00,5000,396069
00,5000,395858
00,5000,395570
00,5000,394438
00,5000,393545
00,5000,393541
00,5000,392215
00,5000,391945
00,5000,390849
00,5000,390739
00,5000,390409
00,5000,390365
00,5000,390267
00,5000,389960
00,5000,389749
00,5000,388563
00,5000,388454
00,5000,388341
00,5000,388143
00,5000,388058
00,5000,387801
00,5000,387716
00,5000,386989
00,5000,386846
00,5000,386803
00,5000,386503
00,5000,386389
00,5000,386344
00,5000,386117
00,5000,386090
00,5000,385221
00,5000,385114
00,5000,384953
00,5000,384918
00,5000,384699
00,5000,382795
00,5000,382669
00,5000,382331
00,5000,382108
00,5000,381691
00,5000,381622
00,5000,381488
00,5000,381186
00,5000,381174
00,5000,380751
00,5000,380070
00,5000,379732
00,5000,379344
00,5000,378754
00,5000,378745
00,5000,378161
00,5000,376462
00,5000,376242
00,5000,376102
00,5000,375388
00,5000,374710
00,5000,374692
00,5000,374515
00,5000,373987
00,5000,373500
00,5000,373385
00,5000,372831
00,5000,372094
00,5000,371729
00,5000,371253
00,5000,369792
00,5000,369627
00,5000,369378
00,5000,369214
00,5000,368273
00,5000,367657
00,5000,367317
00,5000,367040
00,5000,366675
00,5000,365961
00,5000,365715
00,5000,365594
00,5000,365315
00,5000,364454
00,5000,363724
00,5000,362934
00,5000,362223
00,5000,361693
00,5000,361675
00,5000,361478
00,5000,361277
00,5000,360319
00,5000,359998
00,5000,358853
00,5000,358383
00,5000,358238
00,5000,358184
00,5000,357802
00,5000,357587
00,5000,357540
00,5000,357120
00,5000,356919
00,5000,355520
00,5000,355246
00,5000,354626
00,5000,354443
00,5000,353883
00,5000,353783
00,5000,353625
00,5000,353294
00,5000,352823
00,5000,352702
00,5000,352268
00,5000,351790
00,5000,351705
00,5000,351092
00,5000,351090
00,5000,350994
00,5000,350956
00,5000,350752
00,5000,350372
00,5000,350217
00,5000,349978
00,5000,349765
00,5000,349170
00,5000,348135
00,5000,347745
00,5000,347737
00,5000,347316
00,5000,346406
00,5000,345975
00,5000,345089
00,5000,344603
00,5000,344445
00,5000,343631
00,5000,343280
00,5000,343251
00,5000,343091
00,5000,342624
00,5000,342349
00,5000,341702
00,5000,341338
00,5000,340694
00,5000,340274
00,5000,340247
00,5000,340063
00,5000,339830
00,5000,339758
00,5000,339563
00,5000,339066
00,5000,338858
00,5000,338828
00,5000,338778
00,5000,338115
00,5000,337565
00,5000,337478
00,5000,337432
00,5000,336718
00,5000,335818
00,5000,335406
00,5000,335331
00,5000,334276
00,5000,333869
00,5000,333804
00,5000,333620
00,5000,333379
00,5000,333074
00,5000,333046
00,5000,332883
00,5000,332458
00,5000,332312
00,5000,332199
00,5000,331940
00,5000,331596
00,5000,330396
00,5000,330104
00,5000,329968
00,5000,329962
00,5000,329820
00,5000,329770
00,5000,329685
00,5000,329611
00,5000,329104
00,5000,328892
00,5000,328757
00,5000,327983
00,5000,327932
00,5000,327577
00,5000,327561
00,5000,327556
00,5000,327439
00,5000,326738
00,5000,325640
00,5000,324326
00,5000,323935
00,5000,323324
00,5000,323189
00,5000,323111
00,5000,322090
00,5000,322023
00,5000,321807
00,5000,321430
00,5000,320626
00,5000,318945
00,5000,318938
00,5000,318590
00,5000,318088
00,5000,317776
00,5000,317621
00,5000,317107
00,5000,316918
00,5000,316561
00,5000,316339
00,5000,316269
00,5000,316226
00,5000,316036
00,5000,315749
00,5000,315457
00,5000,315444
00,5000,315003
00,5000,314212
00,5000,313915
00,5000,313833
00,5000,312016
00,5000,311829
00,5000,309497
00,5000,308343
00,5000,307657
00,5000,307261
00,5000,306717
00,5000,306455
00,5000,306034
00,5000,305582
00,5000,305194
00,5000,305058
00,5000,304675
00,5000,303887
00,5000,303831
00,5000,303199
00,5000,302848
00,5000,302831
00,5000,302676
00,5000,302254
00,5000,301934
00,5000,301371
00,5000,301341
00,5000,300919
00,5000,300906
00,5000,299597
00,5000,298956
00,5000,298283
00,5000,298125
00,5000,297663
00,5000,297242
00,5000,297059
00,5000,296856
00,5000,296614
00,5000,296591
00,5000,296514
00,5000,296146
00,5000,296038
00,5000,294151
00,5000,294003
00,5000,293565
00,5000,293546
00,5000,292421
00,5000,291573
00,5000,291354
00,5000,291349
00,5000,291221
00,5000,291215
00,5000,290923
00,5000,290249
00,5000,289019
00,5000,288638
00,5000,288474
00,5000,288413
00,5000,288224
00,5000,288068
00,5000,288047
00,5000,287705
00,5000,287544
00,5000,287526
00,5000,287189
00,5000,286768
00,5000,286591
00,5000,286308
00,5000,285075
00,5000,284117
00,5000,284039
00,5000,282822
00,5000,282481
00,5000,282425
00,5000,282296
00,5000,282261
00,5000,281685
00,5000,281464
00,5000,281351
00,5000,281077
00,5000,280658
00,5000,280350
00,5000,278378
00,5000,278192
00,5000,278007
00,5000,277608
00,5000,277512
00,5000,277503
00,5000,277344
00,5000,277327
00,5000,277187
00,5000,275368
00,5000,275276
00,5000,275232
00,5000,274530
00,5000,274526
00,5000,274369
00,5000,274136
00,5000,274133
00,5000,273563
00,5000,273516
00,5000,273002
00,5000,271506
00,5000,271490
00,5000,271159
00,5000,270332
00,5000,270139
00,5000,269830
00,5000,269786
00,5000,269625
00,5000,269617
00,5000,269512
00,5000,268869
00,5000,268790
00,5000,267551
00,5000,266575
00,5000,266369
00,5000,265469
00,5000,264897
00,5000,264882
00,5000,264635
00,5000,264295
00,5000,264243
00,5000,264030
00,5000,264003
00,5000,263546
00,5000,263303
00,5000,262852
00,5000,262735
00,5000,262055
00,5000,261978
00,5000,261850
00,5000,261679
00,5000,261350
00,5000,260489
00,5000,259824
00,5000,259821
00,5000,259606
00,5000,259300
00,5000,258789
00,5000,258454
00,5000,257667
00,5000,257455
00,5000,256778
00,5000,256122
00,5000,255394
00,5000,254942
00,5000,253363
00,5000,252757
00,5000,252462
00,5000,250856
00,5000,250204
00,5000,249629
00,5000,249172
00,5000,249100
00,5000,249058
00,5000,248781
00,5000,248028
00,5000,247742
00,5000,247655
00,5000,247507
00,5000,247463
00,5000,246879
00,5000,245894
00,5000,245735
00,5000,245564
00,5000,245475
00,5000,244790
00,5000,244718
00,5000,244542
00,5000,244538
00,5000,243258
00,5000,242710
00,5000,241415
00,5000,240954
00,5000,240616
00,5000,240577
00,5000,240496
00,5000,240256
00,5000,240235
00,5000,239706
00,5000,239449
00,5000,238706
00,5000,237855
00,5000,236700
00,5000,236402
00,5000,235411
00,5000,234453
00,5000,233936
00,5000,232316
00,5000,231771
00,5000,231764
00,5000,231679
00,5000,231547
00,5000,231407
00,5000,230673
00,5000,229763
00,5000,228480
00,5000,228148
00,5000,226476
00,5000,226213
00,5000,226104
00,5000,226019
00,5000,226000
00,5000,225672
00,5000,225544
00,5000,225091
00,5000,223880
00,5000,222942
00,5000,222279
00,5000,222062
00,5000,221916
00,5000,221466
00,5000,220359
00,5000,220190
00,5000,219837
00,5000,219739
00,5000,219476
00,5000,219020
00,5000,218492
00,5000,218251
00,5000,218145
00,5000,217713
00,5000,216586
00,5000,215053
00,5000,214191
00,5000,214135
00,5000,213846
00,5000,213792
00,5000,213543
00,5000,212924
00,5000,212395
00,5000,212294
00,5000,211994
00,5000,211766
00,5000,211260
00,5000,211229
00,5000,211219
00,5000,210518
00,5000,210269
00,5000,210009
00,5000,209724
00,5000,209317
00,5000,209212
00,5000,209131
00,5000,208705
00,5000,208637
00,5000,207701
00,5000,207442
00,5000,206471
00,5000,205899
00,5000,205727
00,5000,205699
00,5000,205289
00,5000,204844
00,5000,204486
00,5000,204433
00,5000,204114
00,5000,204078
00,5000,203099
00,5000,202768
00,5000,202469
00,5000,201661
00,5000,201382
00,5000,201290
00,5000,201076
00,5000,200352
00,5000,199846
00,5000,199380
00,5000,198750
00,5000,198736
00,5000,198234
00,5000,197817
00,5000,196979
00,5000,196922
00,5000,195979
00,5000,195650
00,5000,195235
00,5000,194699
00,5000,194237
00,5000,193665
00,5000,193435
00,5000,193289
00,5000,192125
00,5000,191721
00,5000,190950
00,5000,190280
00,5000,189587
00,5000,189232
00,5000,189212
00,5000,188741
00,5000,188645
00,5000,188332
00,5000,186786
00,5000,186669
00,5000,186629
00,5000,186118
00,5000,185839
00,5000,185749
00,5000,185589
00,5000,185019
00,5000,184240
00,5000,184067
00,5000,183966
00,5000,183626
00,5000,183520
00,5000,183509
00,5000,182248
00,5000,182045
00,5000,181946
00,5000,181732
00,5000,180419
00,5000,179983
00,5000,179952
00,5000,179418
00,5000,178894
00,5000,178062
00,5000,177160
00,5000,177130
00,5000,176067
00,5000,175383
00,5000,175132
00,5000,175019
00,5000,174638
00,5000,173922
00,5000,173366
00,5000,173166
00,5000,172929
00,5000,172578
00,5000,171667
00,5000,171647
00,5000,171484
00,5000,170444
00,5000,169888
00,5000,169832
00,5000,169359
00,5000,169224
00,5000,169095
00,5000,168730
00,5000,168646
00,5000,168587
00,5000,168321
00,5000,168071
00,5000,167734
00,5000,167677
00,5000,167606
00,5000,167431
00,5000,167250
00,5000,167221
00,5000,167122
00,5000,166693
00,5000,166432
00,5000,165835
00,5000,165734
00,5000,163813
00,5000,163176
00,5000,162223
00,5000,161682
00,5000,161673
00,5000,161220
00,5000,160956
00,5000,160336
00,5000,160038
00,5000,160026
00,5000,159112
00,5000,159106
00,5000,158608
00,5000,158180
00,5000,158025
00,5000,158007
00,5000,157614
00,5000,157080
00,5000,156714
00,5000,156225
00,5000,155684
00,5000,155268
00,5000,155141
00,5000,155038
00,5000,154494
00,5000,154286
00,5000,153796
00,5000,153154
00,5000,152968
00,5000,152609
00,5000,152317
00,5000,152126
00,5000,151407
00,5000,151057
00,5000,150839
00,5000,150560
00,5000,150544
00,5000,149090
00,5000,149070
00,5000,148193
00,5000,147559
00,5000,147141
00,5000,147082
00,5000,146981
00,5000,146873
00,5000,146225
00,5000,146136
00,5000,145631
00,5000,145535
00,5000,144911
00,5000,144841
00,5000,144354
00,5000,144326
00,5000,143527
00,5000,143231
00,5000,143182
00,5000,142715
00,5000,141998
00,5000,141639
00,5000,141257
00,5000,140579
00,5000,139089
00,5000,138677
00,5000,138666
00,5000,138434
00,5000,138422
00,5000,138398
00,5000,138288
00,5000,138215
00,5000,137702
00,5000,137598
00,5000,136810
00,5000,135421
00,5000,135109
00,5000,133851
00,5000,133498
00,5000,132259
00,5000,132220
00,5000,131707
00,5000,129752
00,5000,129535
00,5000,129403
00,5000,128818
00,5000,128227
00,5000,127142
00,5000,126594
00,5000,126336
00,5000,125912
00,5000,124651
00,5000,124630
00,5000,124577
00,5000,123792
00,5000,122959
00,5000,122679
00,5000,122144
00,5000,121732
00,5000,121638
00,5000,121367
00,5000,121364
00,5000,120651
00,5000,120207
00,5000,120144
00,5000,120043
00,5000,119579
00,5000,119297
00,5000,118613
00,5000,118561
00,5000,118236
00,5000,118112
00,5000,117899
00,5000,117685
00,5000,116481
00,5000,116313
00,5000,116154
00,5000,116150
00,5000,115307
00,5000,114933
00,5000,114566
00,5000,114173
00,5000,114134
00,5000,113204
00,5000,112849
00,5000,112382
00,5000,110805
00,5000,110352
00,5000,110332
00,5000,110177
00,5000,110104
00,5000,109788
00,5000,109635
00,5000,109305
00,5000,109062
00,5000,108541
00,5000,108195
00,5000,108036
00,5000,107003
00,5000,105548
00,5000,105336
00,5000,105039
00,5000,104503
00,5000,104090
00,5000,103826
00,5000,103544
00,5000,102593
00,5000,102542
00,5000,101587
00,5000,100771
00,5000,99962
00,5000,99774
00,5000,99678
00,5000,99272
00,5000,98978
00,5000,98746
00,5000,98166
00,5000,98060
00,5000,97836
00,5000,97432
00,5000,97287
00,5000,96700
00,5000,96666
00,5000,95101
00,5000,95024
00,5000,94606
00,5000,94589
00,5000,93738
00,5000,93392
00,5000,93360
00,5000,92976
00,5000,92447
00,5000,92139
00,5000,92052
00,5000,91519
00,5000,91478
00,5000,91338
00,5000,91263
00,5000,90871
00,5000,90348
00,5000,90279
00,5000,89407
00,5000,88511
00,5000,88257
00,5000,88193
00,5000,87444
00,5000,86863
00,5000,86821
00,5000,86724
00,5000,86721
00,5000,86665
00,5000,86408
00,5000,85133
00,5000,84878
00,5000,84601
00,5000,84353
00,5000,84301
00,5000,84272
00,5000,83603
00,5000,82501
00,5000,81969
00,5000,81829
00,5000,81624
00,5000,81416
00,5000,81054
00,5000,80767
00,5000,80749
00,5000,80013
00,5000,79626
00,5000,79615
00,5000,79570
00,5000,79523
00,5000,79032
00,5000,78530
00,5000,78360
00,5000,78256
00,5000,78055
00,5000,77797
00,5000,77695
00,5000,77609
00,5000,77129
00,5000,76598
00,5000,76152
00,5000,74306
00,5000,74286
00,5000,74040
00,5000,73099
00,5000,72906
00,5000,72243
00,5000,72073
00,5000,71246
00,5000,70792
00,5000,70540
00,5000,70413
00,5000,70134
00,5000,69559
00,5000,69396
00,5000,69197
00,5000,68515
00,5000,67698
00,5000,67423
00,5000,67416
00,5000,67231
00,5000,65994
00,5000,65526
00,5000,65049
00,5000,64666
00,5000,64348
00,5000,64195
00,5000,63922
00,5000,63345
00,5000,62768
00,5000,62743
00,5000,62134
00,5000,61968
00,5000,60867
00,5000,60515
00,5000,60149
00,5000,60119
00,5000,59349
00,5000,59237
00,5000,59151
00,5000,58913
00,5000,58354
00,5000,58156
00,5000,57763
00,5000,57719
00,5000,57646
00,5000,57639
00,5000,57445
00,5000,57070
00,5000,56846
00,5000,56549
00,5000,56527
00,5000,56095
00,5000,55732
00,5000,55393
00,5000,53436
00,5000,53097
00,5000,52917
00,5000,52771
00,5000,51786
00,5000,51607
00,5000,50881
00,5000,50283
00,5000,50233
00,5000,50188
00,5000,49769
00,5000,49634
00,5000,49432
00,5000,49227
00,5000,48828
00,5000,48411
00,5000,47674
00,5000,47411
00,5000,46828
00,5000,46682
00,5000,45940
00,5000,45372
00,5000,45025
00,5000,44996
00,5000,44575
00,5000,44498
00,5000,44480
00,5000,44351
00,5000,44344
00,5000,44191
00,5000,43926
00,5000,43353
00,5000,43184
00,5000,43069
00,5000,42902
00,5000,42788
00,5000,42637
00,5000,42515
00,5000,42464
00,5000,42445
00,5000,42201
00,5000,41234
00,5000,40634
00,5000,39837
00,5000,39551
00,5000,38903
00,5000,38478
00,5000,37685
00,5000,36898
00,5000,36540
00,5000,36360
00,5000,35806
00,5000,35497
00,5000,35450
00,5000,34927
00,5000,34648
00,5000,33008
00,5000,32906
00,5000,32780
00,5000,32596
00,5000,32418
00,5000,31990
00,5000,31234
00,5000,31208
00,5000,30060
00,5000,29883
00,5000,29500
00,5000,29225
00,5000,29071
00,5000,28115
00,5000,27571
00,5000,27527
00,5000,27265
00,5000,26060
00,5000,25791
00,5000,25409
00,5000,23964
00,5000,23608
00,5000,23046
00,5000,22860
00,5000,22556
00,5000,22281
00,5000,22276
00,5000,22183
00,5000,21830
00,5000,21634
00,5000,21121
00,5000,21044
00,5000,20901
00,5000,20826
00,5000,20791
00,5000,20731
00,5000,20689
00,5000,20563
00,5000,20455
00,5000,20282
00,5000,20256
00,5000,20130
00,5000,19948
00,5000,19393
00,5000,19251
00,5000,18943
00,5000,18611
00,5000,18239
00,5000,17912
00,5000,17772
00,5000,17558
00,5000,16856
00,5000,16327
00,5000,16275
00,5000,15576
00,5000,15364
00,5000,14894
00,5000,14606
00,5000,14536
00,5000,14198
00,5000,13643
00,5000,13332
00,5000,13153
00,5000,12433
00,5000,11590
00,5000,11069
00,5000,10724
00,5000,10620
00,5000,10489
00,5000,10309
00,5000,9039
00,5000,8708
00,5000,5973
00,5000,5952
00,5000,5396
00,5000,5042
00,5000,4304
00,5000,3998
00,5000,3568
00,5000,3432
00,5000,3163
00,5000,3061
00,5000,2827
00,5000,1963
00,5000,1948
00,5000,1708
00,5000,1533
00,5000,1483
00,5000,-401
00,5000,-527
00,5000,-1347
00,5000,-2731
00,5000,-3403
00,5000,-3657
00,5000,-4909
00,5000,-5377
00,5000,-5647
00,5000,-5822
00,5000,-7054
00,5000,-7792
00,5000,-8194
00,5000,-8589
00,5000,-8814
00,5000,-9229
00,5000,-9532
00,5000,-10661
00,5000,-11053
00,5000,-11058
00,5000,-11188
00,5000,-11259
00,5000,-11409
00,5000,-11461
00,5000,-11702
00,5000,-11747
00,5000,-12239
00,5000,-12378
00,5000,-12579
00,5000,-12997
00,5000,-13551
00,5000,-13958
00,5000,-14019
00,5000,-14045
00,5000,-14335
00,5000,-14504
00,5000,-15584
00,5000,-15969
00,5000,-16105
00,5000,-16162
00,5000,-17251
00,5000,-17906
00,5000,-18096
00,5000,-18325
00,5000,-18346
00,5000,-18522
00,5000,-18585
00,5000,-19010
00,5000,-19036
00,5000,-19790
00,5000,-19864
00,5000,-19954
00,5000,-20112
00,5000,-20612
00,5000,-20741
00,5000,-20760
00,5000,-21360
00,5000,-21364
00,5000,-21371
00,5000,-21511
00,5000,-21723
00,5000,-22270
00,5000,-22860
00,5000,-23782
00,5000,-23959
00,5000,-24070
00,5000,-24264
00,5000,-24679
00,5000,-25003
00,5000,-25078
00,5000,-25224
00,5000,-25393
00,5000,-25898
00,5000,-26465
00,5000,-26915
00,5000,-26969
00,5000,-28825
00,5000,-29416
00,5000,-30237
00,5000,-30639
00,5000,-30734
00,5000,-30971
00,5000,-31011
00,5000,-31028
00,5000,-31416
00,5000,-31469
00,5000,-31495
00,5000,-31568
00,5000,-32552
00,5000,-32554
00,5000,-33617
00,5000,-33971
00,5000,-34426
00,5000,-34749
00,5000,-35143
00,5000,-35687
00,5000,-36077
00,5000,-36487
00,5000,-37072
00,5000,-37174
00,5000,-37501
00,5000,-38047
00,5000,-38261
00,5000,-39155
00,5000,-39328
00,5000,-39656
00,5000,-39673
00,5000,-39952
00,5000,-40001
00,5000,-40026
00,5000,-42682
00,5000,-42764
00,5000,-43013
00,5000,-43243
00,5000,-43386
00,5000,-43601
00,5000,-43601
00,5000,-43659
00,5000,-44864
00,5000,-45389
00,5000,-45573
00,5000,-46421
00,5000,-46652
00,5000,-46676
00,5000,-46882
00,5000,-47055
00,5000,-47285
00,5000,-47555
00,5000,-47585
00,5000,-48630
00,5000,-48676
00,5000,-49560
00,5000,-49736
00,5000,-49907
00,5000,-50096
00,5000,-50701
00,5000,-51315
00,5000,-51331
00,5000,-51572
00,5000,-52085
00,5000,-52206
00,5000,-52336
00,5000,-52868
00,5000,-53026
00,5000,-53443
00,5000,-54179
00,5000,-54542
00,5000,-54932
00,5000,-55246
00,5000,-55350
00,5000,-55890
00,5000,-55945
00,5000,-56056
00,5000,-56733
00,5000,-56980
00,5000,-57064
00,5000,-57420
00,5000,-57481
00,5000,-57661
00,5000,-58624
00,5000,-58651
00,5000,-58994
00,5000,-59737
00,5000,-59816
00,5000,-60456
00,5000,-60518
00,5000,-61533
00,5000,-61672
00,5000,-61883
00,5000,-61964
00,5000,-62688
00,5000,-62709
00,5000,-62728
00,5000,-62815
00,5000,-62960
00,5000,-63115
00,5000,-64202
00,5000,-64309
00,5000,-64522
00,5000,-64744
00,5000,-64804
00,5000,-64835
00,5000,-65396
00,5000,-65480
00,5000,-66101
00,5000,-66379
00,5000,-66580
00,5000,-66895
00,5000,-67094
00,5000,-67737
00,5000,-67765
00,5000,-67949
00,5000,-68381
00,5000,-69569
00,5000,-70170
00,5000,-70178
00,5000,-71422
00,5000,-71579
00,5000,-71580
00,5000,-71590
00,5000,-72178
00,5000,-72301
00,5000,-72669
00,5000,-72852
00,5000,-73182
00,5000,-73286
00,5000,-73407
00,5000,-73548
00,5000,-73927
00,5000,-74168
00,5000,-74698
00,5000,-74841
00,5000,-75378
00,5000,-75558
00,5000,-76676
00,5000,-76774
00,5000,-77475
00,5000,-77526
00,5000,-77537
00,5000,-77689
00,5000,-78369
00,5000,-79358
00,5000,-79425
00,5000,-79623
00,5000,-80490
00,5000,-80583
00,5000,-80980
00,5000,-81289
00,5000,-81565
00,5000,-81875
00,5000,-83343
00,5000,-83370
00,5000,-83624
00,5000,-83895
00,5000,-84167
00,5000,-84469
00,5000,-84664
00,5000,-84674
00,5000,-85676
00,5000,-85794
00,5000,-85823
